Hotels,Keywords
Blue Lagoon Hotel,"['stunning', 'diamond', 'rooftop', 'royal', 'pool', 'comfortable', 'enjoyed', 'exploring', 'buffet', 'restaurants']"
Diamond Hotel,[]
Emerald Hotel,"['ocean', 'enjoyed', 'palace', 'emerald', 'vacation', 'gardens', 'comfortable', 'sapphire', 'restaurants', 'amenities']"
Golden Sands Hotel,"['pool', 'enjoyed', 'gardens', 'exploring', 'emerald', 'spacious', 'breathtaking', 'vacation', 'buffet', 'restaurants']"
Grand Plaza Hotel,"['exploring', 'palace', 'enjoyed', 'emerald', 'breathtaking', 'vacation', 'pool', 'sapphire', 'restaurants', 'buffet']"
Green Valley Hotel,[]
Ocean View Hotel,"['good', 'stay', 'able', 'gym', 'views', 'variety', 'stunning', 'pool', 'breakfast', 'buffet']"
Paradise Hotel,"['great', 'spending', 'stay', 'sleep', 'blue', 'friendly', 'enjoyed', 'restaurant', 'pool', 'lagoon']"
Royal Garden Hotel,"['delicious', 'rooftop', 'stunning', 'diamond', 'comfortable', 'room', 'exploring', 'royal', 'buffet', 'gardens']"
Royal Palace Hotel,"['stay', 'definitely', 'rooftop', 'staff', 'emerald', 'restaurants', 'enjoyed', 'diamond', 'comfortable', 'pool']"
Sapphire Hotel,"['spacious', 'enjoyable', 'gardens', 'rooftop', 'pool', 'exploring', 'vacation', 'breathtaking', 'buffet', 'sapphire']"
Sunset View Hotel,"['shops', 'unwind', 'definitely', 'stay', 'comfortable', 'exploring', 'spa', 'green', 'buffet', 'sunset']"
